{"Carbon Cycle": {"children": {"Gross Primary Production": {"children": {"GBAF": {"children": {}, "Spatial Distribution Score global": [1.5795437722903167, -1.2989226453039981, 0.10149158848956612, 0.41496997285216586, -0.797082688328053], "Seasonal Cycle Score global": [-0.6492557380439246, -0.28334650924569105, 0.4251348144865885, 0.4546320374064938, 0.052835395396516605], "Bias Score global": [1.1129644931069285, 1.3305758494042836, -0.8086574681809086, -0.8011620202331401, -0.8337208540971633], "RMSE Score global": [0.7360255616234327, 1.6164078825331376, -0.805300418596514, -0.7642695686418389, -0.7828634569182198], "Overall Score global": [1.1819647699737144, 1.258991412424828, -0.7809657107746952, -0.7070963309455175, -0.9528941406783251]}, "FLUXCOM": {"children": {}, "Spatial Distribution Score global": [1.6097624455573416, -1.2467441540739612, 0.03331976273213258, 0.4241820594814175, -0.8205201136969327], "Seasonal Cycle Score global": [-0.7673222935815238, -0.330012112624245, 0.49907185079358096, 0.4924911580228786, 0.10577139738930375], "Bias Score global": [0.9649039250309631, 1.4548200590281228, -0.8006027600017926, -0.7906204049235296, -0.8285008191337634], "RMSE Score global": [0.8613765613770507, 1.532165113259344, -0.8193654885561027, -0.779171371076373, -0.7950048150039182], "Overall Score global": [1.1305631307189523, 1.3076784412368174, -0.788139602218496, -0.7041754002105488, -0.9459265695267229]}, "MADANI": {"children": {}, "Spatial Distribution Score global": [1.580426245532399, -1.2942889370186104, 0.03902621310861311, 0.45898091774063215, -0.7841444393630361], "Seasonal Cycle Score global": [-0.16203819649177054, -0.40711971826351556, 0.21786818957608145, 0.07441956851718667, 0.27687015666200687], "Bias Score global": [1.660420321984031, 0.6417729228159526, -0.719008567723422, -0.6170619850778842, -0.9661226919986767], "RMSE Score global": [0.7018892529834297, 1.6373605473999377, -0.8078234249429179, -0.7413220337838244, -0.7901043416566241], "Overall Score global": [1.5159149324066776, 0.8521107643330414, -0.7481180950406902, -0.5817234787341694, -1.0381841229648643]}}, "Spatial Distribution Score global": [1.5902644864847701, -1.2802732960561192, 0.057565296519558974, 0.43310768662914245, -0.8006641735773479], "Seasonal Cycle Score global": [-0.5262054093723989, -0.34015944671114684, 0.380691618285417, 0.3405142546488549, 0.14515898314927944], "Bias Score global": [1.2083419051400297, 1.2394302574458833, -0.7997594943916209, -0.7686242472990812, -0.8793884208952121], "RMSE Score global": [0.7746045124751328, 1.591458213324975, -0.8120195290183051, -0.7638352369779704, -0.7902079598038333], "Overall Score global": [1.2585556057046334, 1.1786038691687544, -0.7803082542496955, -0.6776414074944279, -0.9792098131292644]}, "Ecosystem Respiration": {"children": {"GBAF": {"children": {}, "Spatial Distribution Score global": [0.7026817766914506, -1.7526564529120765, -0.41453525360953847, 1.0406374668511513, 0.4238724629790173], "Seasonal Cycle Score global": [-1.332468662478428, 0.8133229049092305, 0.48513911043240876, 0.6452982557242026, -0.6112916085874276], "Bias Score global": [0.31643632528745497, 1.8329646863561713, -0.7174866547932113, -0.7078316591718368, -0.7240826976785782], "RMSE Score global": [0.3342395691652046, 1.8026051672318528, -0.6850950596721667, -0.4852977002646447, -0.9664519764602479], "Overall Score global": [0.45290519697487386, 1.7254128125936836, -0.936057979209117, -0.32956700592158383, -0.912693024437862]}, "FLUXCOM": {"children": {}, "Spatial Distribution Score global": [0.6483159544409018, -1.758194240352848, -0.39491665135225856, 1.0688436514848674, 0.4359512857793498], "Seasonal Cycle Score global": [-0.732753719912671, 0.2680014040708223, 0.39801387085288686, 0.3562768615587131, -0.28953841656976786], "Bias Score global": [0.11844455608712078, 1.9033835126157361, -0.6793486045848204, -0.6560409048799349, -0.6864385592381012], "RMSE Score global": [0.6292565132807043, 1.2334257368390193, -0.3360972180571409, -0.3158895120035976, -1.2106955200589824], "Overall Score global": [0.49391680278402794, 1.2749565456787098, -0.7781222053390519, -0.09621649750950201, -0.894534645614195]}}, "Spatial Distribution Score global": [0.6771383441579518, -1.7554544086044799, -0.4053348790681406, 1.054040987785086, 0.42960995572958977], "Seasonal Cycle Score global": [-1.0326111911955538, 0.5406621544900236, 0.4415764906426478, 0.5007875586414579, -0.45041501257859773], "Bias Score global": [0.23827974042604247, 1.863080115141644, -0.7032139657415206, -0.6881321123698444, -0.7100137774563215], "RMSE Score global": [0.49082313052157367, 1.6984613911981123, -0.5872526315961933, -0.45015784315202595, -1.1518740469714717], "Overall Score global": [0.5096600417416444, 1.676596087571811, -0.9473363377459971, -0.25589082448639744, -0.9830289670810703]}, "Net Ecosystem Exchange": {"children": {"GBAF": {"children": {}, "Spatial Distribution Score global": [0.8321941548759373, -1.9611997037348186, 0.3413924078936942, 0.26259566281329033, 0.5250174781518981], "Seasonal Cycle Score global": [-0.5863688098418769, -1.7010285630418989, 0.6853915500792531, 0.7313590262062278, 0.8706467965982947], "Bias Score global": [-1.4144631369618386, -0.7776918382507599, 1.298245487887358, 0.840344503512382, 0.05356498381285822], "RMSE Score global": [0.968465720673082, 1.446686025649366, -0.8778646277760429, -0.8605716397146163, -0.6767154788317883], "Overall Score global": [0.35420123389502955, -1.0649880492877988, 0.6167306376008458, 0.16834148289371076, -0.07428530510178721]}, "FLUXCOM": {"children": {}, "Spatial Distribution Score global": [-0.207357131499852, -0.4724349854154312, -0.1406332099715548, 0.16073709693824548, 0.6596882299485928], "Seasonal Cycle Score global": [-1.900058246538164, -0.030182825941528334, 0.7838179987228677, 0.8154449673102574, 0.33097810644656456], "Bias Score global": [0.7681654549906483, 0.27789979171657636, -0.2298655990769581, -0.3843906112895371, -0.43180903634073026], "RMSE Score global": [0.7883251354555469, 1.5811583639610767, -0.8322090888876453, -0.8150238122977349, -0.7222505982312418], "Overall Score global": [0.44264420263994547, 1.4463025626273065, -0.6887768144474782, -0.6363148487989869, -0.5638551020207896]}}, "Spatial Distribution Score global": [0.73708525162389, -1.9658171737495829, 0.289149561777255, 0.2864156144425771, 0.6531667459058608], "Seasonal Cycle Score global": [-1.2483052987075731, -1.1991875475400808, 0.8241360807613641, 0.8701558715984107, 0.7532008938878859], "Bias Score global": [-1.3608401423801004, -0.7823017718583765, 1.3611810509304652, 0.8254759985757422, -0.043515135267731216], "RMSE Score global": [0.8918890455144382, 1.5068778041339161, -0.8593394637315416, -0.842068933674433, -0.6973584522423757], "Overall Score global": [0.3984227182674882, 0.19065725666975453, -0.03602308842331481, -0.2339866829526388, -0.3190702035612891]}, "Leaf Area Index": {"children": {"AVH15C1": {"children": {}, "Spatial Distribution Score global": [-1.2898007119438142, 1.3804429638712792, -0.26277438488145854, -0.7345819195742782, 0.9067140525282755], "Seasonal Cycle Score global": [-0.10320370043557237, -1.1122034874976983, 0.44952994369674704, 0.46360534762383, 0.30227189661268805], "Bias Score global": [0.18893282032565345, -0.047162140651411964, -0.04760177752441564, -0.04760179556786841, -0.04656710658195744], "RMSE Score global": [1.3333083460083774, 1.0111405844874375, -0.9839583946976925, -1.0715521815695348, -0.28893835422857994], "Overall Score global": [0.2595222251180862, 1.2946711705699747, -0.7899641565605686, -1.1199096887984483, 0.35568044967095036]}, "AVHRR": {"children": {}, "Spatial Distribution Score global": [0.951122413452931, 0.8334318923613375, -1.0347880178261883, -1.3870334416979206, 0.6372671537098388], "Seasonal Cycle Score global": [1.3303234514851305, 1.075997025975118, -1.0052989608460183, -0.9010266789160375, -0.4999948376981925],