{"Living Biomass": {"children": {"Biomass": {"children": {"SAATCHI": {"children": {}, "Spatial Distribution Score global": [-0.36541967009799364, -0.7471921258053614, 1.180430363450323, 1.1728336196306373, -1.2406521871776048], "Bias Score global": [1.0944048850316204, 0.9299924885561915, -0.27124415118616635, -0.062007578310826136, -1.6911456440908073], "Overall Score global": [-0.1284856692202146, -0.5262842612386162, 1.0728672008084326, 1.107778919000411, -1.5258761893500132]}, "AVITABILE": {"children": {}, "Spatial Distribution Score global": [-0.6058667815109984, -0.7950740174268748, 1.357838870432744, 1.0598494434230996, -1.0167475149179708], "Bias Score global": [1.0197296865471919, 0.8301314597908348, -0.10167636307726811, 0.05666537084572549, -1.804850154106484], "Overall Score global": [-0.40973685227195195, -0.6258532430119782, 1.2972041892611192, 1.036125631956793, -1.2977397259339796]}, "BACCINI": {"children": {}, "Spatial Distribution Score global": [-0.41557559734046273, -0.7583219365364275, 1.2019785291519474, 1.1706742587010304, -1.1987552539760875], "Bias Score global": [1.104919627299709, 1.2249515053870155, -0.6107240743831686, -0.3970104374605371, -1.3221366208430094], "Overall Score global": [-0.19212174122168457, -0.5167511061830755, 1.098586092835545, 1.1115177341602975, -1.501230979591084]}, "GEOCARBON": {"children": {}, "Spatial Distribution Score global": [-0.6104607587730904, -0.7956282395981701, 1.3659903133965503, 1.0514512713663309, -1.011352586391621], "Bias Score global": [0.7565855766576317, 0.7812986739288027, 0.12000197796443651, 0.27297720933832353, -1.9308634378891787], "Overall Score global": [-0.4607782807643885, -0.6323992242305622, 1.313085259059992, 1.0388241671210896, -1.25873192118613]}}, "Spatial Distribution Score global": [-0.4831791916850101, -0.7731586339455987, 1.2666606529876783, 1.1271550406019164, -1.1374778679589845], "Bias Score global": [1.0495523771029853, 1.0013073262428345, -0.285493435204794, -0.09020035374031764, -1.6751659144007158], "Overall Score global": [-0.27775989869080636, -0.569937712610594, 1.1844412808418148, 1.0843095184025586, -1.421053187942974]}}, "Spatial Distribution Score global": [-0.4831791916850101, -0.7731586339455987, 1.2666606529876783, 1.1271550406019164, -1.1374778679589845], "Bias Score global": [1.0495523771029853, 1.0013073262428345, -0.285493435204794, -0.09020035374031764, -1.6751659144007158], "Overall Score global": [-0.27775989869080636, -0.569937712610594, 1.1844412808418148, 1.0843095184025586, -1.421053187942974]}, "Leaf Traits": {"children": {"Specific Leaf Area": {"children": {"BUTLER": {"children": {}, "Spatial Distribution Score global": [0.9076388011366154, 1.4972406256250403, -0.8680561636821981, -0.7646738934888302, -0.7721493695906276], "Bias Score global": [1.2821488739553268, -1.7152866476406678, -0.0787389936617471, -0.11600061659599728, 0.6278773839430837], "Overall Score global": [1.533785134996416, 0.8303253197774573, -0.9576645880899258, -0.8643076498157308, -0.5421382168682173]}}, "Spatial Distribution Score global": [0.9076388011366154, 1.4972406256250403, -0.8680561636821981, -0.7646738934888302, -0.7721493695906276], "Bias Score global": [1.2821488739553268, -1.7152866476406678, -0.0787389936617471, -0.11600061659599728, 0.6278773839430837], "Overall Score global": [1.533785134996416, 0.8303253197774573, -0.9576645880899258, -0.8643076498157308, -0.5421382168682173]}, "Leaf Nitrogen": {"children": {"BUTLER": {"children": {}, "Spatial Distribution Score global": [-0.05630094438091898, 0.9675019006484864, 0.3391934447478075, 0.6325736458507033, -1.882968046866077], "Bias Score global": [-0.6996005557088926, -1.0452419023776494, 1.1187427589811807, 1.3056330074248648, -0.6795333083194968], "Overall Score global": [-0.1817971976127607, 0.7045775414594977, 0.5220057608545232, 0.8289472545960153, -1.8737333592972767]}}, "Spatial Distribution Score global": [-0.05630094438091898, 0.9675019006484864, 0.3391934447478075, 0.6325736458507033, -1.882968046866077], "Bias Score global": [-0.6996005557088926, -1.0452419023776494, 1.1187427589811807, 1.3056330074248648, -0.6795333083194968], "Overall Score global": [-0.1817971976127607, 0.7045775414594977, 0.5220057608545232, 0.8289472545960153, -1.8737333592972767]}, "Leaf Phosphorus": {"children": {"BUTLER": {"children": {}, "Spatial Distribution Score global": [0.6904839521208329, 0.11709965598988983, -1.7147277628565993, -0.30727384098854293, 1.2144179957344157], "Bias Score global": [0.5906595527924704, -0.17087535706395302, 1.0767703566736484, 0.33400058550411516, -1.8305551379062799], "Overall Score global": [1.7105582578058651, -0.010612187472113793, -1.426001103792246, -0.0990531098199286, -0.17489185672156934]}}, "Spatial Distribution Score global": [0.6904839521208329, 0.11709965598988983, -1.7147277628565993, -0.30727384098854293, 1.2144179957344157], "Bias Score global": [0.5906595527924704, -0.17087535706395302, 1.0767703566736484, 0.33400058550411516, -1.8305551379062799], "Overall Score global": [1.7105582578058651, -0.010612187472113793, -1.426001103792246, -0.0990531098199286, -0.17489185672156934]}}, "Spatial Distribution Score global": [0.8446067072246195, 1.510671170928579, -0.9468151848355805, -0.46322351486960067, -0.9452391784480157], "Bias Score global": [1.2323067466554614, -1.7240855625600093, 0.5710702372328564, 0.2600910692930663, -0.3393824906213757], "Overall Score global": [1.4202361008905058, 0.9247237263691027, -0.7891114266904183, -0.39400592701075315, -1.1618424735584354]}, "Soil CNP": {"children": {"Soil Total Carbon": {"children": {"HWSD": {"children": {}, "Spatial Distribution Score global": [-0.7557351322164352, -1.5776528468059978, 1.0270329209020344, 0.7792678049418058, 0.5270872531785934], "Bias Score global": [0.9667130628643154, -1.9136795276013754, 0.43834831575004973, 0.45654787278216546, 0.05207027620482509], "Overall Score global": [-0.46487231354540487, -1.74105599785574, 0.9751544982193523, 0.7641977923234843, 0.46657602085830835]}, "IGBP": {"children": {}, "Spatial Distribution Score global": [-0.35372130885044956, -1.8151208314519203, 0.775105125816708, 0.7608146332137268, 0.63292238127194], "Bias Score global": [0.5745879740476539, -1.9749553466774257, 0.6346226680895737, 0.5745382485470015, 0.19120645599319278], "Overall Score global": [-0.19071140400618797, -1.8753472274489131, 0.7628061746328271, 0.7399302309168284, 0.5633222259054456]}}, "Spatial Distribution Score global": [-0.5290785493361202, -1.7262045196085534, 0.8890055594072718, 0.7742591255001914, 0.5920183840372132], "Bias Score global": [0.7497276996650937, -1.9593286305408169, 0.5522026710145237, 0.526089185389443, 0.13130907447176934], "Overall Score global": [-0.3063863099957205, -1.8258246440359815, 0.8546310101111539, 0.7527908015196743, 0.5247891424008723]}, "Soil Total Nitrogen": {"children": {"IGBP": {"children": {}, "Spatial Distribution Score global": [-0.48553447758880164, -0.5257281568029171, -0.5385056819808189, -0.44924551008328634, 1.9990138264558246], "Bias Score global": [0.012728277220671812, -1.1579615218838069, 0.8151448522807758, 1.3774844630090783, -1.047396070626711], "Overall Score global": [-0.5214830050662721, -0.7724105424802031, -0.43634853840678756, -0.24035816178499592, 1.9706002477382587]}}, "Spatial Distribution Score global": [-0.48553447758880164, -0.5257281568029171, -0.5385056819808189, -0.44924551008328634, 1.9990138264558246], "Bias Score global": [0.012728277220671812, -1.1579615218838069, 0.8151448522807758, 1.3774844630090783, -1.047396070626711], "Overall Score global": [-0.5214830050662721, -0.7724105424802031, -0.43634853840678756, -0.24035816178499592, 1.9706002477382587]}, "Soil Total Phosphorus": {"children": {"RF": {"children": {}, "Spatial Distribution Score global": [-1.0965806858847396, -1.3036516783169168, 1.1061626059882539, 0.7832316494759928, 0.5108381087374275],